ID,GaiaDR2,CLHW,RA_ICRS,DE_ICRS,__B-V_0,Vmag,__V-Ks_0,Prot,e_Prot,P90,Class,Binary,_RA.icrs,_DE.icrs,Teff
618539,5339401641913283072,13824,167.35092,-58.72761,0.821,14.324,1.876,6.3962,0.9555,0.0284,3,0,167.35092,-58.72761,5074.3
618394,5339394323288436608,16353,167.33904,-58.81681,1.379,16.855,3.374,10.0044,0.2949,0.019,3,0,167.33904,-58.81681,4182.9
618247,5339401126517113472,17842,167.32929,-58.76006,1.284,16.197,3.098,12.9536,0.1203,0.0158,3,0,167.32929,-58.76006,4428.1
615275,5340152230387020288,36499,167.22421,-58.68867,1.274,16.283,3.045,10.7061,2.7941,0.02,3,0,167.22421,-58.68867,4462.1
614931,5340152848862460928,37931,167.21496,-58.62111,0.65,13.378,1.456,5.8337,0.4992,0.034,3,0,167.21496,-58.62111,5688.3
608606,5340153226819389952,66890,167.06008,-58.65322,0.676,13.384,1.757,5.4437,0.3331,0.025,3,1,167.06008,-58.65322,5302.3
320122,5338641845015187328,74612,167.02358,-58.92692,1.323,16.367,3.195,12.9745,0.9837,0.0487,3,0,167.02358,-58.92692,4434.7
415233,5340157075110216192,81066,166.98542,-58.56692,1.425,16.956,3.484,12.6919,1.4906,0.03,3,0,166.98542,-58.56692,4316.3
318475,5340145427158100864,84732,166.96892,-58.7445,1.008,15.224,2.346,5.4398,0.8032,0.091,3,0,166.96892,-58.7445,4772.0
414429,5340150443680126848,87263,166.95421,-58.65578,1.464,17.841,3.889,17.052,1.6373,0.0323,3,0,166.95421,-58.65578,3844.6
414007,5340150649838613760,90088,166.93908,-58.62508,1.268,16.133,2.963,11.1415,0.6635,0.0273,3,0,166.93908,-58.62508,4497.9
317342,5338643253764519168,91871,166.93408,-58.87517,1.397,17.133,3.619,13.5411,3.7858,0.07,3,0,166.93408,-58.87517,4111.3
413467,5340157521786915968,93581,166.91987,-58.50122,0.921,14.959,2.185,8.3381,0.7079,0.022,3,0,166.91987,-58.50122,5013.7
410530,5340151577551470720,113851,166.82012,-58.61783,1.429,17.157,3.546,12.8682,1.1375,0.0336,3,0,166.82012,-58.61783,4182.5
409652,5340170337970754944,120084,166.78675,-58.46447,0.934,14.939,2.277,9.2326,1.0439,0.017,3,0,166.78675,-58.46447,4888.4
408382,5340149206729221760,129415,166.74133,-58.69931,0.83,14.453,2.025,7.4903,0.6586,0.016,3,0,166.74133,-58.69931,5141.8
310480,5340149034930385664,130527,166.736,-58.75039,0.54,12.931,1.322,4.9462,1.5873,0.016,3,0,166.736,-58.75039,6083.9
408008,5340149825204648320,131990,166.72712,-58.64614,0.728,13.916,1.891,6.7506,0.6621,0.019,3,1,166.72712,-58.64614,5424.8
309433,5340149099313773312,136455,166.70433,-58.73583,0.554,12.967,1.36,4.4671,0.652,0.027,3,0,166.70433,-58.73583,5916.8
522632,5340172949311127936,141041,166.67629,-58.38294,1.036,15.236,2.376,9.2871,0.4821,0.0186,3,0,166.67629,-58.38294,4734.3
406567,5340161473157492352,141910,166.67383,-58.65556,0.852,14.392,1.959,7.4126,0.4303,0.0184,3,0,166.67383,-58.65556,5149.9
308047,5338647308213601408,144241,166.66229,-58.79539,1.41,16.874,3.407,11.002,1.1582,0.0292,3,0,166.66229,-58.79539,4154.2
729518,5338635213584387072,144529,166.66342,-59.13008,0.618,13.355,1.508,4.6871,0.9176,0.0311,3,0,166.66342,-59.13008,5718.3
307859,5338645074830317056,145504,166.65617,-58.89439,1.407,17.911,3.938,32.0,3.2,0.0325,3,1,166.65617,-58.89439,
405983,5340164084497918080,145537,166.65304,-58.51694,1.431,17.222,3.542,12.8513,0.721,0.0344,3,0,166.65304,-58.51694,4188.9
405587,5340161816754900096,148409,166.63812,-58.61547,1.457,17.035,3.469,11.986,2.7615,0.0286,3,0,166.63812,-58.61547,4224.5
405288,5340161679315925376,150588,166.62587,-58.63628,1.223,15.908,2.825,10.4609,0.487,0.018,3,0,166.62587,-58.63628,4498.5
405260,5340170819007248640,150595,166.62475,-58.477,1.421,17.209,3.813,13.0,1.5625,0.0215,3,1,166.62475,-58.477,
519660,5340173430347270656,154117,166.60629,-58.32619,1.42,17.016,3.597,13.714,0.6526,0.0147,3,0,166.60629,-58.32619,4153.6
404760,5340161335718508800,154924,166.60437,-58.66236,0.604,13.161,1.432,6.4749,0.4286,0.0224,3,0,166.60437,-58.66236,5742.3
305936,5338657513057476864,156779,166.59537,-58.80778,1.442,16.895,3.417,15.01,1.3576,0.038,3,0,166.59537,-58.80778,4159.5
305550,5338650847267616512,159268,166.58325,-58.91253,1.342,16.399,3.166,12.903,1.0129,0.0212,3,0,166.58325,-58.91253,4423.4
305440,5338650709828598528,159960,166.57958,-58.94506,1.009,15.139,2.376,9.0518,1.8245,0.0203,3,0,166.57958,-58.94506,4743.4
305168,5338650297511685760,161627,166.57017,-58.96772,1.232,15.851,3.09,10.8075,0.4701,0.0215,3,1,166.57017,-58.96772,4219.1
516019,5340174701657369344,169100,166.52458,-58.36119,0.637,13.457,1.495,5.1992,0.6729,0.0311,3,0,166.52458,-58.36119,5557.5
302744,5338657856654734720,175207,166.49104,-58.8475,0.845,14.439,1.942,7.661,0.4331,0.0223,3,0,166.49104,-58.8475,5147.7
302250,5338658578209340672,178023,166.47387,-58.77842,0.765,14.079,1.834,5.2748,0.1116,0.023,3,0,166.47387,-58.77842,5337.0
401411,5340162293453729152,179867,166.46267,-58.63022,1.488,18.09,4.11,22.0,6.2156,0.051,3,0,166.46267,-58.63022,3775.4
401184,5340167520471632640,181358,166.45346,-58.51431,1.042,15.305,2.437,8.9815,0.3236,0.0186,3,0,166.45346,-58.51431,4673.8
301335,5338649747755780224,183595,166.44067,-58.966,0.987,15.112,2.472,7.7549,1.0193,0.0254,3,0,166.44067,-58.966,4762.8
301100,5338651255238326656,184783,166.43333,-58.94028,1.423,17.601,3.941,16.8048,2.9421,0.039,3,0,166.43333,-58.94028,4071.8
400599,5340166111722333184,185777,166.42646,-58.53769,1.074,15.482,2.534,10.0984,1.8619,0.023,3,0,166.42646,-58.53769,4647.1
214490,5338658853087265920,186575,166.42179,-58.75019,0.985,15.077,2.269,8.7956,0.5738,0.0716,3,0,166.42179,-58.75019,4919.8
214166,5338658097172875392,188616,166.4095,-58.83606,1.416,17.044,3.577,20.0626,2.8549,0.041,3,0,166.4095,-58.83606,4118.3
213861,5338649816475268224,190424,166.39837,-58.94589,1.237,16.03,2.89,12.0351,1.9669,0.0216,3,0,166.39837,-58.94589,4500.1
110779,5338663938328901504,191173,166.39358,-58.64969,1.103,15.603,2.634,9.8274,0.5488,0.0162,3,0,166.39358,-58.64969,4573.8
110769,5338664316286031616,191296,166.39283,-58.60811,1.431,17.307,3.608,15.4336,2.8126,0.0331,3,0,166.39283,-58.60811,4116.5
510233,5340175354492378496,192409,166.38617,-58.34122,0.776,14.094,1.865,6.964,0.5839,0.019,3,0,166.38617,-58.34122,5315.6
212831,5338625592857198976,196376,166.36121,-59.05608,1.313,16.663,3.377,11.6545,2.0888,0.0296,3,0,166.36121,-59.05608,4355.6
212371,5338625833375389056,199382,166.34258,-59.03992,1.093,15.408,2.439,10.6028,0.9157,0.025,3,0,166.34258,-59.03992,
212107,5338654691212522368,201054,166.33212,-58.87267,1.0,15.065,2.329,9.7638,0.4971,0.0372,3,0,166.33212,-58.87267,
109603,5338663697810677504,201099,166.33212,-58.67247,0.522,12.791,1.332,4.5148,0.9867,0.015,3,1,166.33212,-58.67247,6011.9
211894,5338655176594612992,202511,166.32304,-58.84003,1.371,16.598,3.253,12.5262,1.8738,0.0261,3,0,166.32304,-58.84003,4340.6
211658,5338655520192048512,204066,166.31337,-58.80889,0.516,12.673,1.259,3.2917,0.539,0.03,3,0,166.31337,-58.80889,6034.9
108848,5340167176873943296,207633,166.29146,-58.49719,0.551,13.08,1.396,4.8479,0.4678,0.024,3,0,166.29146,-58.49719,5815.4
108355,5340166833276551168,211433,166.2675,-58.51683,0.74,14.043,1.753,6.1728,0.4964,0.0272,3,0,166.2675,-58.51683,5316.0
108162,5340214180992306432,212924,166.25754,-58.48514,0.592,13.322,1.579,5.2722,0.182,0.0341,3,0,166.25754,-58.48514,5747.3
107874,5338662323421039104,214755,166.24404,-58.74742,0.546,12.965,1.352,4.7778,0.609,0.015,3,0,166.24404,-58.74742,5943.7
503929,5340216276936396544,217837,166.22508,-58.37406,0.709,13.749,1.667,6.5327,0.546,0.032,3,0,166.22508,-58.37406,5536.2
107435,5338662667018417280,218261,166.22042,-58.70492,0.806,14.41,1.975,7.6773,0.7911,0.0163,3,0,166.22042,-58.70492,5220.1
107376,5338664762962699904,218758,166.21762,-58.64056,1.102,15.507,2.584,9.4883,2.7994,0.015,3,0,166.21762,-58.64056,4664.3
107147,5338662667018408448,220428,166.207,-58.69647,0.543,12.786,1.255,2.8908,0.154,0.0222,3,0,166.207,-58.69647,5896.4
502640,5340216208216902272,223849,166.18742,-58.39264,1.047,14.667,2.568,6.3955,0.341,0.0389,3,1,166.18742,-58.39264,4646.7
106477,5340213901780626816,225503,166.17412,-58.51156,0.7,13.727,1.635,5.7549,0.4486,0.0243,3,0,166.17412,-58.51156,5611.3
208000,5338655898149232256,226711,166.16279,-58.83264,1.141,15.462,2.637,11.5064,1.6381,0.031,3,0,166.16279,-58.83264,4545.2
106173,5338710255248925184,227469,166.15817,-58.64139,0.962,14.851,2.17,8.0192,1.4174,0.0151,3,0,166.15817,-58.64139,4804.5
105984,5338703623819404160,228709,166.14871,-58.73117,1.341,16.979,3.453,13.934,0.917,0.0386,3,0,166.14871,-58.73117,4104.8
105807,5340214112272822016,230105,166.14008,-58.45922,1.33,16.319,3.248,11.7108,0.8482,0.0254,3,1,166.14008,-58.45922,4210.9
105602,5340214009193591808,231539,166.12975,-58.48019,0.691,13.773,1.635,5.8891,0.2408,0.028,3,0,166.12975,-58.48019,5586.8
701193,5338619786060507136,231544,166.12408,-59.22761,0.897,14.614,2.045,7.4858,0.3034,0.0452,3,0,166.12408,-59.22761,4930.0
206675,5338653802205155584,234664,166.10358,-58.90528,1.237,16.143,2.953,11.293,1.8956,0.0182,3,0,166.10358,-58.90528,
206633,5338702902264853248,235056,166.10162,-58.80981,0.668,13.402,1.505,4.6832,1.0922,0.0271,3,0,166.10162,-58.80981,5698.6
104211,5338703726898560384,240665,166.06117,-58.74661,1.378,16.998,3.438,14.5093,1.5894,0.0216,3,0,166.06117,-58.74661,4350.3
103920,5338703829977301248,242886,166.04496,-58.72328,1.052,15.391,2.525,11.7218,1.5082,0.0122,3,0,166.04496,-58.72328,4629.6
103765,5338704723330530048,244108,166.03654,-58.68747,1.294,16.281,3.145,14.8128,2.4515,0.0192,3,0,166.03654,-58.68747,4473.2
205142,5338701699673957888,244323,166.03392,-58.79339,1.238,16.062,2.959,10.6966,1.1631,0.0201,3,0,166.03392,-58.79339,4498.9
103352,5338704585891552000,247067,166.01458,-58.70508,1.389,16.574,3.589,17.9713,2.0441,0.017,3,1,166.01458,-58.70508,4204.1
204593,5338701734033673344,247421,166.011,-58.80236,1.458,17.574,3.671,18.9216,5.3852,0.027,3,0,166.011,-58.80236,
103179,5338713171488089856,248532,166.00562,-58.53508,1.469,17.578,3.868,14.1605,1.9325,0.0551,3,0,166.00562,-58.53508,4104.6
204097,5338701630954436992,250278,165.98962,-58.80442,1.296,16.265,3.028,10.5572,0.937,0.026,3,0,165.98962,-58.80442,4445.1
203897,5338702489947892608,251545,165.97975,-58.79142,1.405,16.925,3.43,12.9347,2.4276,0.0232,3,0,165.97975,-58.79142,4195.5
203551,5338676921962883200,253475,165.96325,-58.95767,0.75,13.542,1.867,5.9034,0.6895,0.0251,3,1,165.96325,-58.95767,5659.5
203539,5338701940192055040,253683,165.963,-58.84444,1.355,16.569,3.305,12.4283,0.6715,0.028,3,1,165.963,-58.84444,4244.9
102460,5338710873723718784,253809,165.9645,-58.64342,0.556,13.073,1.359,5.114,1.3196,0.023,3,0,165.9645,-58.64342,5929.8
102340,5338711114241927552,254747,165.95783,-58.60214,0.651,13.466,1.497,5.0986,0.8178,0.0521,3,0,165.95783,-58.60214,5808.0
102057,5338704448452577792,256846,165.94,-58.70058,0.731,13.98,1.71,6.3439,0.616,0.0181,3,0,165.94,-58.70058,5367.8
101964,5338705066927916800,257686,165.93396,-58.64717,0.691,13.887,1.706,6.2182,0.3121,0.0268,3,0,165.93396,-58.64717,5325.2
101896,5338704929488942464,258183,165.92954,-58.66733,0.654,13.696,1.557,6.6991,0.651,0.0183,3,0,165.92954,-58.66733,5691.7
101814,5338714683316594304,258981,165.92529,-58.52133,0.614,13.334,1.473,4.7277,0.7279,0.019,3,0,165.92529,-58.52133,5578.8
202342,5338702107651705088,260438,165.90962,-58.82689,0.603,13.096,1.377,4.5592,0.6293,0.017,3,0,165.90962,-58.82689,5726.7
101401,5338716405641235968,262163,165.90075,-58.49183,0.795,14.299,1.887,7.1078,1.2389,0.023,3,0,165.90075,-58.49183,5226.0
101285,5338714756373717504,263118,165.8925,-58.53669,0.929,14.914,2.261,8.9634,0.7575,0.0251,3,0,165.8925,-58.53669,
201903,5338702279450487552,263188,165.88804,-58.80292,0.59,13.097,1.326,4.8358,0.518,0.015,3,1,165.88804,-58.80292,5684.1
201531,5338678472499771520,265201,165.87004,-58.87181,0.86,14.503,2.094,8.7928,0.6117,0.02,3,1,165.87004,-58.87181,4880.8
200429,5338705200028317312,271443,165.81858,-58.78544,0.555,12.762,1.195,3.5768,0.091,0.014,3,0,165.81858,-58.78544,6044.6
200277,5338681599235742848,272312,165.81025,-58.837,1.37,16.663,3.287,13.2403,0.9118,0.0223,3,0,165.81025,-58.837,4395.3
200048,5338681049479884672,273672,165.79792,-58.88142,1.003,15.13,2.356,9.1782,0.5815,0.015,3,0,165.79792,-58.88142,4777.3
100074,5338715031252082816,273711,165.80296,-58.56375,1.386,16.775,3.359,9.278,0.261,0.022,3,0,165.80296,-58.56375,4234.4
808727,5338706746216708992,279358,165.74958,-58.72383,1.386,16.863,3.459,11.155,0.5419,0.012,3,0,165.74958,-58.72383,4166.3
808075,5338681839753909376,280875,165.73304,-58.81247,1.294,16.215,2.976,11.3489,1.1925,0.0148,3,0,165.73304,-58.81247,4443.2
807902,5338706235158852224,281442,165.72867,-58.76125,1.265,16.236,3.052,12.0949,0.6943,0.012,3,0,165.72867,-58.76125,4471.2
802295,5338680190486326144,299782,165.55558,-58.90439,0.641,13.668,1.612,6.0808,1.2566,0.027,3,0,165.55558,-58.90439,5628.3
801059,5338686100362366208,305389,165.49908,-58.90817,1.475,18.527,4.187,27.0,3.5876,0.0208,3,0,165.49908,-58.90817,3664.0
618304,5339401878083600256,16803,167.33275,-58.67397,0.967,14.398,2.274,8.2312,0.1914,0.0213,2,1,167.33275,-58.67397,4820.2
615524,5339393292496113408,36014,167.23092,-58.85203,1.422,17.463,3.772,10.3202,0.9555,0.0166,2,0,167.23092,-58.85203,3934.4
615023,5339393292496121856,38427,167.21754,-58.84442,1.102,15.517,2.581,10.4707,0.3513,0.0207,1,0,167.21754,-58.84442,4587.9
614028,5339394873021033600,42959,167.19217,-58.8055,0.962,14.979,2.222,8.9009,0.2568,0.021,2,0,167.19217,-58.8055,4849.5
610761,5340145873834802304,58032,167.10996,-58.75636,1.488,18.296,4.211,5.4992,0.0512,0.029,2,0,167.10996,-58.75636,3596.2
607456,5340146801547783168,72253,167.03204,-58.71258,1.425,16.894,3.416,11.6002,0.448,0.02,2,0,167.03204,-58.71258,4310.2
416025;408601,5340146973346422400,75186,167.01712,-58.72664,0.864,14.437,1.949,7.7074,0.274,0.041,1,0,167.01712,-58.72664,5151.2
414259;407982,5340156555397021440,88297,166.94779,-58.59242,0.786,14.077,1.942,8.1478,0.1416,0.021,1,0,166.94779,-58.59242,5436.4
317396;310557,5338640470625323264,91700,166.937,-59.00836,1.349,16.48,3.165,12.1241,0.3113,0.0275,2,0,166.937,-59.00836,4425.7
413554;407676,5340150100082689408,93271,166.92392,-58.66603,1.43,17.093,3.55,12.6194,0.2772,0.027,0,0,166.92392,-58.66603,4154.3
316240;309964,5338641192179971200,98040,166.90417,-58.95014,0.605,12.454,1.439,4.3064,0.4989,0.0161,2,1,166.90417,-58.95014,5631.9
315823;309712,5338642772728010880,100275,166.89221,-58.9195,1.352,16.602,3.167,12.734,1.582,0.0192,2,0,166.89221,-58.9195,4418.3
412457;407109,5340147901059140480,101262,166.88487,-58.75953,1.361,16.288,3.478,6.4719,0.1998,0.0255,1,1,166.88487,-58.75953,4126.1
412221;406972,5340158140262144256,102441,166.8755,-58.513,0.661,13.537,1.619,5.6298,0.0875,0.021,1,0,166.8755,-58.513,5653.6
412093;406897,5340150374960612096,103456,166.87233,-58.64253,0.96,14.872,2.273,8.2882,0.0894,0.0306,1,0,166.87233,-58.64253,4913.0
313744;308447,5338643528641955584,112216,166.833,-58.99964,0.868,14.045,2.144,6.1255,0.4491,0.016,2,1,166.833,-58.99964,4986.2
313598;308343,5338646586659199360,112775,166.828,-58.81742,0.723,13.785,1.588,6.1783,0.1329,0.022,1,0,166.828,-58.81742,5366.4
313570;308327,5338644147117395328,113128,166.82792,-58.95006,1.322,16.569,3.227,13.0016,1.442,0.0231,2,0,166.82792,-58.95006,4412.9
410068;405636,5340151951168504448,117093,166.80321,-58.56858,0.796,14.263,1.888,7.4053,0.0713,0.028,1,0,166.80321,-58.56858,5243.3
409952;405561,5340148927515092352,118143,166.79967,-58.72544,1.322,16.731,3.614,0.8373,0.0017,0.0413,1,1,166.79967,-58.72544,5014.8
312595;307659,5338646621018893696,118500,166.79904,-58.82303,1.3,16.286,3.252,10.2487,0.3116,0.042,1,1,166.79904,-58.82303,
312484;307592,5338646208701929856,119177,166.79604,-58.85714,1.224,16.28,3.373,1.9743,0.0136,0.036,1,0,166.79604,-58.85714,
312523;307618,5338643631721180160,119186,166.7975,-58.98453,1.002,15.118,2.452,8.3342,0.2382,0.019,1,0,166.7975,-58.98453,4722.7
409666;405379,5340157934103590784,120087,166.78754,-58.53494,0.651,13.543,1.583,5.7008,0.3693,0.025,1,0,166.78754,-58.53494,5496.5
409665;405378,5340151027795531136,120294,166.78792,-58.65317,0.785,14.143,1.859,7.0905,0.1429,0.022,1,1,166.78792,-58.65317,5367.8
409250;405107,5340151852429410688,123120,166.77304,-58.58775,0.958,15.074,2.43,5.499,0.036,0.0786,1,0,166.77304,-58.58775,4888.9
409238;405097,5340149756485184512,123294,166.77296,-58.65753,1.304,16.337,3.078,11.9567,0.5113,0.047,1,0,166.77296,-58.65753,4449.3
311820;307140,5338637928004227840,123324,166.77654,-58.9935,0.842,14.402,2.026,7.1269,0.3272,0.021,1,0,166.77654,-58.9935,5049.5
311530;306940,5338644456355100288,124726,166.76829,-58.90758,1.153,15.708,3.113,8.1801,0.2016,0.022,2,1,166.76829,-58.90758,4488.0
408832;404823,5340169788214923136,125919,166.75737,-58.50775,0.701,13.777,1.674,5.6718,0.5847,0.0213,2,0,166.75737,-58.50775,5559.4
408565;404647,5340151440112463360,128008,166.74783,-58.61244,1.194,15.77,2.839,9.8212,0.2783,0.0205,1,0,166.74783,-58.61244,4466.4
310365;306110,5338637378248240768,131583,166.73321,-59.04083,1.334,16.325,3.132,12.3472,0.6494,0.0309,1,0,166.73321,-59.04083,4318.7
310085;305906,5338637824924904448,133057,166.725,-59.01581,0.925,14.832,2.231,5.9172,0.037,0.0472,1,0,166.725,-59.01581,4939.7
407294;403780,5340161576236740480,136896,166.70104,-58.62819,0.892,14.561,1.998,7.5786,0.5601,0.018,1,0,166.70104,-58.62819,5031.8
523342,5340172983670865664,137605,166.695,-58.38417,0.883,14.576,2.084,8.7033,0.2566,0.0192,0,0,166.695,-58.38417,5054.6
407097;403643,5340169960013613568,138051,166.69354,-58.48875,1.248,16.435,3.118,2.3923,0.1558,0.0376,1,1,166.69354,-58.48875,4239.7
406309;403122,5340164118857681536,143407,166.66433,-58.49936,1.059,15.31,2.676,10.1649,0.2301,0.0184,2,1,166.66433,-58.49936,4627.2
406303;403119,5340161090862579712,143715,166.66404,-58.66617,0.867,14.453,1.999,8.0823,0.6592,0.0203,2,0,166.66404,-58.66617,5098.5
308067;304461,5338638683918409600,144412,166.66279,-58.97886,1.082,15.397,2.532,10.1515,0.5347,0.017,1,0,166.66279,-58.97886,4564.7
307932;304365,5338645040470529280,145061,166.65887,-58.91,1.446,17.444,4.197,0.624,0.0018,0.039,1,1,166.65887,-58.91,3679.2
729159,5338611574082373120,145764,166.65704,-59.17822,1.037,15.191,2.404,9.2557,0.294,0.016,2,0,166.65704,-59.17822,4729.5
405945;402893,5340160957761692800,146112,166.65137,-58.69242,0.786,14.148,1.812,6.9734,0.0868,0.027,1,0,166.65137,-58.69242,5405.2
405815;402809,5340163981418477440,146813,166.64617,-58.52906,1.259,16.143,3.003,11.3567,0.3769,0.022,2,0,166.64617,-58.52906,4495.5
405809;402804,5340160923401620352,147107,166.64583,-58.70597,1.474,18.205,4.117,11.92,0.4463,0.056,2,0,166.64583,-58.70597,
307555;304108,5338658956166512000,147166,166.64625,-58.81053,0.778,14.016,1.777,7.3311,0.2906,0.022,2,0,166.64625,-58.81053,5436.2
521149,5340173808304411648,147490,166.64083,-58.30147,1.183,16.079,2.896,7.6834,0.1326,0.054,1,0,166.64083,-58.30147,4355.5
405567;402660,5340161713675672192,148576,166.63729,-58.63011,0.676,13.214,1.711,4.9657,0.0544,0.028,1,1,166.63729,-58.63011,5556.0
405529;402635,5340163530404139904,148779,166.63575,-58.56392,0.65,13.353,1.614,5.6158,0.4065,0.0166,2,1,166.63575,-58.56392,5772.6
307102;303805,5338658921806764672,149663,166.63242,-58.81158,0.995,14.983,2.311,8.6528,0.1174,0.022,1,0,166.63242,-58.81158,4867.7
405365;402533,5340164874771895296,149841,166.62917,-58.49619,0.717,13.777,1.689,6.0673,0.1505,0.023,1,0,166.62917,-58.49619,5539.4
520527,5340173361627800192,150077,166.62687,-58.33706,1.183,15.933,3.109,1.4965,0.0088,0.026,0,1,166.62687,-58.33706,4673.6
306750;303565,5338659127965237632,151683,166.62146,-58.77958,0.787,14.099,1.739,6.2718,0.5762,0.0212,2,0,166.62146,-58.77958,5415.9
306336;303285,5338656894582084480,154501,166.60787,-58.87444,0.852,14.008,2.117,7.4411,0.1155,0.015,1,1,166.60787,-58.87444,5060.9
404788;402200,5338659883879549696,154778,166.60558,-58.72197,0.79,14.074,1.789,5.7422,0.1423,0.026,1,0,166.60558,-58.72197,5458.3
404625;402102,5340164290656319232,155755,166.59917,-58.54083,0.732,13.884,1.672,5.9405,0.0998,0.0173,1,0,166.59917,-58.54083,5338.9
404593;402079,5340164187577098624,156059,166.59754,-58.5585,1.162,15.783,2.893,8.5264,0.827,0.029,2,0,166.59754,-58.5585,4331.8
404535;402043,5340161193941807360,156762,166.59471,-58.68275,0.607,13.195,1.395,4.3743,0.1068,0.027,0,0,166.59471,-58.68275,5959.6
404292;401916,5340164251958210560,158377,166.58592,-58.55258,0.619,12.517,1.456,4.1575,0.0958,0.0295,1,1,166.58592,-58.55258,5591.1
404237;302751,5338659368455799680,159115,166.58312,-58.74689,0.771,14.067,1.852,6.2248,0.1095,0.038,0,0,166.58312,-58.74689,5272.9
404135;401816,5340164359375784576,159620,166.57925,-58.53764,0.722,13.919,1.752,5.7242,0.7162,0.0263,2,0,166.57925,-58.53764,5243.3
404103;401799;518428,5340164973530899712,159796,166.57808,-58.50678,0.763,14.076,1.891,6.4466,0.3133,0.0253,0,1,166.57808,-58.50678,
403913;401685,5340162710108101376,161238,166.57025,-58.58833,0.738,13.946,1.71,6.6012,0.0823,0.025,1,0,166.57025,-58.58833,5393.9
403539;401468,5340165184009504640,163824,166.55525,-58.47803,0.816,14.33,1.986,7.6197,0.1269,0.0213,1,1,166.55525,-58.47803,5224.5
304379;302027,5338657616137080960,166304,166.54275,-58.82664,0.709,13.783,1.647,6.004,0.1015,0.033,1,0,166.54275,-58.82664,5573.2
402927;401136,5338660811592507648,168536,166.52921,-58.67383,0.943,14.858,2.191,8.7817,0.6494,0.0216,1,0,166.52921,-58.67383,4864.6
303951;301779,5338648476445366656,168745,166.52954,-59.04386,0.596,13.231,1.419,4.2815,0.0347,0.0262,1,0,166.52954,-59.04386,5658.5
402797;516037,5340168173306731136,169086,166.525,-58.44833,1.454,17.672,,13.2807,0.2678,0.0387,1,0,166.525,-58.44833,3895.8
515950,5340174181919575296,169360,166.52321,-58.407,1.196,16.282,3.072,1.3634,0.0031,0.0648,1,0,166.52321,-58.407,4068.2
303613;301586,5338648579492377216,170484,166.51908,-59.03489,1.443,17.436,3.796,10.9631,0.4271,0.0567,1,0,166.51908,-59.03489,4959.5
303362;301456,5338650572389590784,171704,166.51133,-58.94808,0.815,14.111,2.17,7.0323,0.2463,0.0291,1,1,166.51133,-58.94808,4978.9
402425;400891,5340164496814686592,171990,166.50812,-58.54133,1.126,15.636,,10.127,0.3361,0.025,2,0,166.50812,-58.54133,4589.3
303206;301361,5338650538029838336,172714,166.5055,-58.95289,0.81,14.233,1.853,7.0756,0.1089,0.0272,1,0,166.5055,-58.95289,5286.5
402306;400838,5338660261836641280,173132,166.50221,-58.70981,1.262,16.215,3.009,12.0072,0.9463,0.033,1,0,166.50221,-58.70981,4405.7
514157,5340174461139178112,176486,166.48208,-58.38056,1.488,17.98,3.983,14.1119,0.609,0.0252,1,0,166.48208,-58.38056,3746.9
514049,5340176625802764672,176801,166.47987,-58.28511,0.909,14.745,2.177,7.8962,0.0443,0.0201,2,0,166.47987,-58.28511,4971.8
401661;400552,5340167692270347776,177524,166.476,-58.48539,0.664,13.357,1.751,4.6597,0.1698,0.0263,1,1,166.476,-58.48539,5473.5
513484,5340168448184315264,179259,166.46583,-58.42003,1.002,15.169,2.34,9.8657,0.0835,0.0274,1,0,166.46583,-58.42003,4721.8
302039;300785,5338657886672480768,179335,166.46633,-58.85158,1.268,16.559,3.264,1.3813,0.0018,0.031,0,0,166.46633,-58.85158,4128.7
401448;400471,5340165836844450048,179416,166.46521,-58.55356,0.87,14.571,2.059,8.3808,0.3968,0.025,1,0,166.46521,-58.55356,5071.7
401336;513262,5340167898428770304,180179,166.46054,-58.47264,1.425,17.758,3.925,10.7368,0.9524,0.0268,2,0,166.46054,-58.47264,3858.8
718080,5338648201567341568,180194,166.46171,-59.07625,1.377,17.081,3.608,0.7197,0.0005,0.049,2,0,166.46171,-59.07625,3681.5
301775;300671,5338648820042750720,181036,166.45654,-59.01778,1.106,15.465,2.564,10.1988,0.2243,0.023,2,0,166.45654,-59.01778,4554.5
401125;400357,5338660914671686144,182099,166.44917,-58.68047,0.656,12.868,1.577,5.7659,0.5213,0.0286,2,1,166.44917,-58.68047,5699.0
401063;400333,5340165905563911680,182379,166.44708,-58.55611,1.11,15.512,2.664,10.1965,0.4988,0.023,1,0,166.44708,-58.55611,4581.5
400925;400293,5338660399275946496,183650,166.44008,-58.72364,0.799,14.385,1.964,7.6701,0.1698,0.0235,1,0,166.44008,-58.72364,5225.7
400859;400276,5338663903941036800,184070,166.43746,-58.65947,0.762,14.138,,6.9983,0.0786,0.0314,1,1,166.43746,-58.65947,6002.8
301116;300386,5338649743409734144,184727,166.43367,-58.95972,1.101,15.526,2.49,10.6999,0.2803,0.02,1,0,166.43367,-58.95972,4524.4
301006;300347,5338652217315646464,185155,166.43071,-58.84822,1.247,16.09,3.259,2.6283,0.0069,0.062,1,1,166.43071,-58.84822,4549.9
400693;400218,5340165458887293312,185219,166.43,-58.59097,1.338,17.012,3.526,1.5345,0.0297,0.0406,1,0,166.43,-58.59097,4183.5
400688;400216,5338663452946373120,185376,166.42908,-58.69936,1.159,14.993,2.74,5.5291,0.217,0.0155,1,1,166.42908,-58.69936,4507.0
400657;400204,5338663869609437952,185561,166.42787,-58.67558,0.71,13.769,1.603,4.7853,0.2409,0.0208,2,1,166.42787,-58.67558,5678.4
400580;400182,5338660364915795968,186143,166.42446,-58.72514,1.105,15.457,2.569,10.3226,0.4565,0.021,2,0,166.42446,-58.72514,4596.3
400518;400156,5338664105781563136,186500,166.42208,-58.62008,1.382,16.789,3.404,6.7648,0.6469,0.075,2,0,166.42208,-58.62008,4247.4
214105;209777,5338649060560828672,188826,166.40837,-59.04036,0.909,14.601,2.074,8.0286,0.1208,0.037,1,0,166.40837,-59.04036,5025.1
400043;107583,5338663526012037376,190221,166.39946,-58.68086,0.733,14.001,1.751,6.4265,0.2222,0.019,1,0,166.39946,-58.68086,5398.4
213451;209404,5338650022633674368,192746,166.38396,-58.95228,0.801,14.164,1.844,7.1136,0.1803,0.0191,2,0,166.38396,-58.95228,5355.2
110565;107432,5338664277577565056,193086,166.38183,-58.62697,0.631,13.488,1.524,5.2012,0.1155,0.021,1,0,166.38183,-58.62697,5708.7
110337;107319,5338664281926278272,195000,166.37004,-58.61822,0.922,14.722,2.127,9.0693,0.5303,0.018,1,0,166.37004,-58.61822,5014.8
213105;209207,5338655245314145152,195100,166.36937,-58.82528,0.733,13.045,1.724,5.0903,0.0408,0.0281,1,1,166.36937,-58.82528,
110307;107300,5340166936356024704,195463,166.36737,-58.52047,0.742,14.003,1.746,6.4334,0.5215,0.025,1,0,166.36737,-58.52047,5300.0
110191;107238,5338663624745103232,196197,166.36262,-58.68336,1.472,17.444,3.681,15.047,0.7194,0.0334,2,0,166.36262,-58.68336,3710.4
212839;209047,5338655107875129088,196603,166.35996,-58.85694,0.919,14.717,2.07,7.3119,0.5552,0.0221,1,0,166.35996,-58.85694,4992.7
509248,5340169169738801280,196669,166.35983,-58.42472,1.426,17.838,4.153,1.0665,0.0025,0.046,1,1,166.35983,-58.42472,3735.5
109988;107118,5338661773665473536,197774,166.35304,-58.73286,0.698,13.753,1.615,6.1151,0.0905,0.0333,2,0,166.35304,-58.73286,5637.8
109835;107035,5338662082902968320,198986,166.34546,-58.72292,0.66,13.44,1.529,5.8408,0.0536,0.024,1,0,166.34546,-58.72292,5680.1
109792;107012,5338662117262713088,199296,166.3435,-58.70036,0.988,15.043,2.407,9.2837,0.875,0.0172,2,0,166.3435,-58.70036,4845.9
109717;106961,5338662082902962304,199972,166.33933,-58.72236,0.895,13.827,2.052,7.1209,0.0942,0.021,2,1,166.33933,-58.72236,5018.0
508355,5340223011445710592,200147,166.33887,-58.27908,0.836,14.4,2.042,6.9279,0.1379,0.0284,2,0,166.33887,-58.27908,5100.8
109690;106943,5340166352240453376,200381,166.337,-58.57639,1.463,17.613,4.189,6.8285,0.1033,0.026,2,1,166.337,-58.57639,3729.0
212193;208625,5338649335438748544,200419,166.33617,-59.00936,0.707,13.818,1.663,6.5521,0.0524,0.024,1,0,166.33617,-59.00936,5526.6
710907,5338625043101437824,200611,166.33462,-59.10106,1.475,18.624,4.261,3.8584,0.0154,0.0382,1,0,166.33462,-59.10106,3635.7
109329;106718,5338663663450924544,203291,166.31842,-58.67547,0.617,13.445,1.506,5.4716,0.4833,0.0173,0,0,166.31842,-58.67547,5707.8
709052,5338622844077708416,206309,166.29829,-59.20769,1.157,15.925,2.828,10.2523,0.1125,0.038,1,0,166.29829,-59.20769,4479.8
210744;207615,5338652530894913408,209303,166.27958,-58.97233,1.061,15.659,2.679,7.1289,0.2083,0.0251,2,0,166.27958,-58.97233,4497.4
108596;106215,5338661498787340416,209315,166.28021,-58.76206,1.361,16.983,3.557,2.6973,0.0263,0.0577,0,0,166.28021,-58.76206,3763.0
108545;106182,5338662770097672960,209658,166.27821,-58.72261,1.325,16.849,3.448,2.7365,0.0121,0.0383,0,0,166.27821,-58.72261,
210504;707560,5338628685233591040,210716,166.27042,-59.04872,1.464,19.471,4.771,2.6852,0.1366,0.1084,2,0,166.27042,-59.04872,3405.7
108413;106094,5338665411451709440,210916,166.27071,-58.56667,0.981,15.123,2.383,8.7796,0.4306,0.023,2,0,166.27071,-58.56667,4756.5
505292,5340215864619517824,212147,166.263,-58.423,1.409,17.037,3.599,4.8673,0.084,0.0705,1,0,166.263,-58.423,4128.3
210050;207123,5338628753953058560,213548,166.25104,-59.04508,0.637,13.399,1.489,4.4232,0.4374,0.0202,2,1,166.25104,-59.04508,5858.2
107722;105598,5338662838817123328,216025,166.23579,-58.69731,1.377,17.09,3.458,12.9182,0.4445,0.0293,1,0,166.23579,-58.69731,3760.1
209683;206870,5338656310466150016,216303,166.23362,-58.77917,0.969,14.88,2.395,8.9874,0.1842,0.017,1,1,166.23362,-58.77917,4639.2
209585;206800,5338656310466146176,216917,166.22942,-58.78689,0.672,13.562,1.573,4.8498,0.031,0.0401,1,0,166.22942,-58.78689,5713.5
209456,5338652633973662464,217503,166.2245,-58.95628,0.783,14.169,1.858,6.4304,0.0863,0.014,1,0,166.2245,-58.95628,5359.5
107521;105462,5338664797322221440,217698,166.22479,-58.62156,1.069,15.276,2.455,8.3623,0.6301,0.0158,0,0,166.22479,-58.62156,4714.9
107430;105385,5338663074989306880,218328,166.22012,-58.68217,0.556,13.027,1.373,3.8954,0.0706,0.017,2,0,166.22012,-58.68217,5995.6
503589,5340216242576648192,219356,166.21517,-58.39153,1.038,15.221,2.652,4.6339,0.1739,0.0698,2,0,166.21517,-58.39153,4864.8
209015;206360,5338628955767765248,220450,166.20512,-59.01853,0.7,13.752,1.6,5.1715,0.0578,0.026,1,0,166.20512,-59.01853,5544.9
503163,5340216753635661056,221111,166.204,-58.33422,1.261,16.407,3.181,2.0094,0.0315,0.0496,0,0,166.204,-58.33422,4266.8
704304,5338626692368561280,221163,166.19958,-59.10561,1.409,17.241,3.662,2.7273,0.1435,0.0772,2,0,166.19958,-59.10561,4098.6
208317;205836,5338653424247618176,224914,166.17592,-58.95103,0.761,13.999,1.692,6.6486,0.4936,0.0302,1,0,166.17592,-58.95103,5438.9
208093;702845,5338628513435047296,226013,166.16675,-59.056,1.276,16.628,3.285,1.4728,0.0193,0.1012,0,0,166.16675,-59.056,4184.5
501927,5340217067210233088,226823,166.16483,-58.35892,0.788,14.15,1.849,5.9299,0.0733,0.0261,2,0,166.16483,-58.35892,5366.1
106180;104427,5338710083450231936,227407,166.1585,-58.657,0.9,14.609,2.102,8.5783,0.4625,0.014,2,0,166.1585,-58.657,5079.2
106147;104400,5338711767077009664,227686,166.15683,-58.61778,1.085,15.244,2.455,9.552,0.4327,0.0252,1,0,166.15683,-58.61778,4682.0
207800;205439,5338656138667402752,228042,166.15325,-58.79939,0.679,13.565,1.619,6.1344,0.0778,0.0382,1,1,166.15325,-58.79939,5627.8
207661;205334,5338654386320728832,228679,166.148,-58.864,1.483,17.885,3.817,11.2786,0.0473,0.073,1,0,166.148,-58.864,3730.4
207670,5338656099962080896,228692,166.14829,-58.80697,0.54,12.435,1.378,1.8572,0.0552,0.028,0,1,166.14829,-58.80697,6147.4
105879;104188,5338710113471162880,229419,166.14379,-58.66933,0.703,13.613,1.618,5.8053,0.124,0.032,1,0,166.14379,-58.66933,5694.4
207548;205240,5338654278895693056,229422,166.14237,-58.869,1.223,15.923,2.848,10.8101,0.5338,0.022,2,0,166.14237,-58.869,4481.0
207316;205058,5338653836564519936,230754,166.13229,-58.91706,1.11,15.884,2.814,3.9591,0.0155,0.0451,1,0,166.13229,-58.91706,4535.6
105568;103952,5338703623819395712,231488,166.12825,-58.72514,1.459,17.613,3.919,14.1011,0.5355,0.035,2,0,166.12825,-58.72514,3869.6
105467;103869,5338709602413876224,232138,166.12379,-58.68983,0.952,14.894,2.2,9.2879,0.6502,0.02,2,0,166.12379,-58.68983,4890.3
207015;204822,5338627753176720640,232510,166.11812,-59.06022,0.94,14.853,2.215,9.065,0.1575,0.0212,2,0,166.11812,-59.06022,4931.6
206862;204699,5338654317601235328,233617,166.11142,-58.87997,1.389,16.992,3.505,12.3598,0.6896,0.0253,2,0,166.11142,-58.87997,4325.1
105124;103586,5338713347625048576,234766,166.10596,-58.52761,0.915,14.725,2.165,8.6321,0.1194,0.0292,1,0,166.10596,-58.52761,4960.0
500037,5340215349223413504,235555,166.10133,-58.42267,1.071,14.779,2.553,2.6186,0.0228,0.0365,0,1,166.10133,-58.42267,
206080;204121,5338703005344054400,238439,166.07754,-58.79122,1.056,15.206,2.466,5.8432,0.0345,0.0522,1,0,166.07754,-58.79122,4683.6
104359;102978,5338711182961430912,239730,166.06946,-58.61367,0.942,14.718,2.036,7.8798,0.261,0.0194,2,0,166.06946,-58.61367,4987.8
104132;102787,5338703967416293376,241392,166.05646,-58.68953,0.958,14.948,2.395,8.6627,0.3991,0.019,2,0,166.05646,-58.68953,4808.9
103749;102467,5338713244545818624,244398,166.03617,-58.51553,1.23,16.157,2.946,11.7062,0.2186,0.0311,1,0,166.03617,-58.51553,4486.4
103132;101994,5338704173574662400,248688,166.00225,-58.73458,1.094,15.604,2.63,10.138,0.3203,0.0194,2,0,166.00225,-58.73458,4635.5
103119;101984;819897,5338711045522449664,248927,166.00167,-58.61928,1.258,16.575,3.237,1.0866,0.0212,0.0561,0,0,166.00167,-58.61928,
102906;101827,5338716783598913280,250633,165.99092,-58.45189,1.355,16.758,3.341,13.7452,0.9061,0.0262,2,0,165.99092,-58.45189,4170.3
102782;101731,5338710908083475584,251407,165.98279,-58.63203,0.702,13.818,1.729,7.3469,0.178,0.0262,1,0,165.98279,-58.63203,5523.7
102576;101580,5338716641821714048,253151,165.97133,-58.47836,1.422,17.457,3.833,4.1926,0.0823,0.0411,2,0,165.97133,-58.47836,4827.8
203490,5338701974551797504,253936,165.96129,-58.82625,0.862,14.267,2.179,7.5689,0.2261,0.0402,1,1,165.96129,-58.82625,6001.5
203442;202157,5338675173964923008,254032,165.95825,-59.01594,0.774,14.028,1.733,5.8144,0.6109,0.0232,2,0,165.95825,-59.01594,5299.9
203194;201966,5338675139584899072,255331,165.94775,-59.02808,1.423,17.127,3.699,11.5505,0.8364,0.0346,2,0,165.94775,-59.02808,4058.4
202643;201601,5338677647866075264,258606,165.92262,-58.9465,0.951,14.971,2.309,8.6496,0.3691,0.0513,2,0,165.92262,-58.9465,4863.1
202351;201390,5338702249429222144,260416,165.91012,-58.80389,1.006,15.104,2.32,9.1962,0.28,0.0202,2,0,165.91012,-58.80389,4738.6
101602;100893,5338716921037381888,260669,165.91283,-58.45464,1.008,15.405,2.546,4.1534,0.0879,0.099,1,0,165.91283,-58.45464,4633.8
101499;201328,5338702833544812160,261090,165.90546,-58.76086,0.578,13.093,1.5,4.5467,0.028,0.0247,1,1,165.90546,-58.76086,5583.4
101232;100647,5338702867904568704,263288,165.88821,-58.73303,0.757,13.921,1.781,6.8571,0.5776,0.018,2,1,165.88821,-58.73303,5522.4
200696;812105,5338705131308776320,269996,165.83092,-58.80281,1.357,16.772,3.481,2.8294,0.0157,0.0356,1,0,165.83092,-58.80281,4151.9
200417;200232,5338705200028286464,271497,165.81796,-58.79636,0.729,13.766,1.586,6.2554,0.0599,0.025,1,0,165.81796,-58.79636,5453.1
810203,5338680912040907776,275323,165.78367,-58.9005,1.175,16.087,2.968,1.3249,0.0036,0.0733,1,0,165.78367,-58.9005,4719.3
808892,5338706922353706880,279013,165.75375,-58.67342,1.478,17.52,4.122,0.66,1e-04,0.0335,0,1,165.75375,-58.67342,3721.0
808730,5338681839753910784,279215,165.74942,-58.81575,1.485,17.873,3.875,10.4819,0.2923,0.0159,2,0,165.74942,-58.81575,
808256,5338705444884865024,280475,165.73775,-58.76989,0.774,14.025,1.748,6.7703,0.1015,0.033,2,0,165.73775,-58.76989,5491.8
807861,5338708812138803200,281762,165.72833,-58.62081,1.154,16.042,2.983,0.7333,0.0007,0.0458,2,0,165.72833,-58.62081,4456.0
807610,5338681289998046848,282101,165.72087,-58.85972,1.124,15.72,2.697,9.1645,0.0416,0.0419,1,0,165.72087,-58.85972,4487.7
807254,5338681289998038528,283104,165.71108,-58.86592,1.45,17.587,3.88,0.5139,0.0018,0.0259,1,0,165.71108,-58.86592,3857.1
806229,5338680499724026496,286107,165.68329,-58.88536,1.071,15.736,2.757,1.7763,0.0009,0.0616,1,0,165.68329,-58.88536,4771.0
805940,5338706647475740288,287336,165.67579,-58.71078,1.095,15.707,2.737,3.2746,0.2853,0.018,2,0,165.67579,-58.71078,4625.4
801301,5338691907158581760,304053,165.51304,-58.89853,0.875,14.78,2.208,5.1513,0.0895,0.0348,1,0,165.51304,-58.89853,4955.7
